{"cameraMode":{"drawMode":0,"name":"Shaded","section":"Shading Mode"},"sceneLighting":false,"audioPlay":false,"sceneViewState":{"m_AlwaysRefresh":false,"showFog":true,"showSkybox":false,"showFlares":true,"showImageEffects":true,"showParticleSystems":true,"showVisualEffectGraphs":true,"m_FxEnabled":true},"in2DMode":false,"pivot":{"x":-0.01397886872291565,"y":-0.4921565353870392,"z":0.8505947589874268},"rotation":{"x":-0.032775118947029117,"y":-0.04186802729964256,"z":0.0013743438757956029,"w":-0.9985865354537964},"size":1.339548945426941,"orthographic":false}