{"cameraMode":{"drawMode":0,"name":"Shaded","section":"Shading Mode"},"sceneLighting":false,"audioPlay":false,"sceneViewState":{"m_AlwaysRefresh":false,"showFog":true,"showSkybox":false,"showFlares":true,"showImageEffects":true,"showParticleSystems":true,"showVisualEffectGraphs":true,"m_FxEnabled":true},"in2DMode":false,"pivot":{"x":-0.00666356086730957,"y":0.9025976657867432,"z":0.08968654274940491},"rotation":{"x":0.4135039150714874,"y":0.301341712474823,"z":-0.14720135927200318,"w":0.8464914560317993},"size":1.5965347290039063,"orthographic":false}