{"cameraMode":{"drawMode":0,"name":"Shaded","section":"Shading Mode"},"sceneLighting":false,"audioPlay":false,"sceneViewState":{"m_AlwaysRefresh":false,"showFog":true,"showSkybox":false,"showFlares":true,"showImageEffects":true,"showParticleSystems":true,"showVisualEffectGraphs":true,"m_FxEnabled":true},"in2DMode":false,"pivot":{"x":1.7898714542388917,"y":-0.4624882936477661,"z":-1.0540260076522828},"rotation":{"x":0.061198294162750247,"y":-0.9181900024414063,"z":0.15666866302490235,"w":0.3586673438549042},"size":3.023496627807617,"orthographic":false}