{"cameraMode":{"drawMode":0,"name":"Shaded","section":"Shading Mode"},"sceneLighting":false,"audioPlay":false,"sceneViewState":{"m_AlwaysRefresh":false,"showFog":true,"showSkybox":false,"showFlares":true,"showImageEffects":true,"showParticleSystems":true,"showVisualEffectGraphs":true,"m_FxEnabled":true},"in2DMode":false,"pivot":{"x":-0.8257558941841126,"y":0.47819992899894717,"z":0.2946036756038666},"rotation":{"x":-0.10537667572498322,"y":0.06667311489582062,"z":-0.007076918613165617,"w":-0.9921845197677612},"size":2.349220037460327,"orthographic":false}